{
  "model_type": "Random Forest Classifier",
  "n_estimators": 100,
  "max_depth": 12,
  "n_features": 545,
  "n_samples": 5000,
  "validation_accuracy": 0.9864,
  "class_metrics": {
    "Benign": {
      "precision": 1.0,
      "recall": 1.0,
      "f1-score": 1.0,
      "support": 208
    },
    "SOVA": {
      "precision": 0.9951923076923077,
      "recall": 0.9951923076923077,
      "f1-score": 0.9951923076923077,
      "support": 208
    },
    "BRATA": {
      "precision": 0.9710144927536232,
      "recall": 0.9663461538461539,
      "f1-score": 0.9686746987951808,
      "support": 208
    },
    "Xenomorph": {
      "precision": 0.970873786407767,
      "recall": 0.9569377990430622,
      "f1-score": 0.963855421686747,
      "support": 209
    },
    "Cerberus": {
      "precision": 0.9811320754716981,
      "recall": 1.0,
      "f1-score": 0.9904761904761905,
      "support": 208
    },
    "Drinik": {
      "precision": 1.0,
      "recall": 1.0,
      "f1-score": 1.0,
      "support": 209
    }
  },
  "training_timestamp": "2026-06-22T16:47:49Z",
  "idf": [
    2.028540215685444,
    2.024632870496524,
    2.0212958262429477,
    4.506757877322649,
    4.423642970612141,
    1.9245228835740855,
    1.7054197417968808,
    4.393429192015645,
    2.6546352583675024,
    2.660931186824317,
    2.6483787207531972,
    4.411447697518323,
    2.194222453475434,
    4.399399359002149,
    4.335609621126819,
    4.393429192015645,
    4.486955250026469,
    2.2088503738797134,
    4.547579871842903,
    4.597412245590778,
    4.42979683618652,
    4.540659428998329,
    4.513446865473444,
    4.500113334603979,
    4.435988806434441,
    4.575750748809599,
    2.178505037580025,
    4.454798138391936,
    4.423642970612141,
    4.493512650572628,
    4.480440569005275,
    4.35260719749539,
    4.526960584640167,
    4.467537164169366,
    4.35260719749539,
    4.486955250026469,
    4.4054053830623605,
    4.597412245590778,
    4.520180897654789,
    4.480440569005275,
    4.561566113817642,
    4.35260719749539,
    4.597412245590778,
    4.486955250026469,
    4.520180897654789,
    2.2055070073417387,
    4.35260719749539,
    4.493512650572628,
    4.547579871842903,
    4.568633281040736,
    4.335609621126819,
    4.38749445649583,
    4.448488969198673,
    4.2916464977057025,
    4.533786549710568,
    4.473968054499657,
    4.423642970612141,
    4.500113334603979,
    4.38749445649583,
    4.500113334603979,
    4.500113334603979,
    4.486955250026469,
    4.554548541158996,
    4.520180897654789,
    4.493512650572628,
    4.513446865473444,
    4.480440569005275,
    4.461147366070596,
    4.467537164169366,
    4.467537164169366,
    4.3412434388450745,
    4.480440569005275,
    4.448488969198673,
    4.480440569005275,
    4.38749445649583,
    4.604738285682852,
    4.493512650572628,
    4.399399359002149,
    4.486955250026469,
    4.473968054499657,
    4.35260719749539,
    4.493512650572628,
    4.3412434388450745,
    4.448488969198673,
    4.375729614916244,
    4.461147366070596,
    4.461147366070596,
    4.42979683618652,
    4.35260719749539,
    4.4054053830623605,
    4.393429192015645,
    4.493512650572628,
    4.3698986946054506,
    4.448488969198673,
    4.454798138391936,
    4.533786549710568,
    4.411447697518323,
    4.473968054499657,
    2.0135524247199523,
    2.0448924266813453,
    4.42979683618652,
    4.381594734368642,
    4.473968054499657,
    4.513446865473444,
    4.506757877322649,
    4.3698986946054506,
    4.358337872204375,
    4.381594734368642,
    2.1778554760112288,
    4.318896140153078,
    4.533786549710568,
    4.454798138391936,
    4.575750748809599,
    4.42979683618652,
    4.423642970612141,
    4.547579871842903,
    4.582919238288212,
    4.364101576921125,
    4.411447697518323,
    4.506757877322649,
    4.500113334603979,
    4.448488969198673,
    4.35260719749539,
    4.313386484342108,
    4.454798138391936,
    4.493512650572628,
    4.381594734368642,
    4.467537164169366,
    4.506757877322649,
    4.381594734368642,
    4.486955250026469,
    4.493512650572628,
    4.399399359002149,
    4.486955250026469,
    4.513446865473444,
    4.473968054499657,
    4.4054053830623605,
    4.568633281040736,
    4.375729614916244,
    4.461147366070596,
    4.393429192015645,
    4.454798138391936,
    4.435988806434441,
    4.411447697518323,
    4.399399359002149,
    4.467537164169366,
    4.540659428998329,
    4.4054053830623605,
    4.423642970612141,
    4.2862845545643165,
    4.634591248832533,
    4.4054053830623605,
    4.411447697518323,
    4.411447697518323,
    4.6270440431971505,
    4.42979683618652,
    4.561566113817642,
    4.547579871842903,
    4.454798138391936,
    4.3698986946054506,
    4.42979683618652,
    4.423642970612141,
    4.480440569005275,
    4.480440569005275,
    4.35260719749539,
    4.520180897654789,
    4.442219356185077,
    4.38749445649583,
    4.435988806434441,
    4.506757877322649,
    2.6693878968425406,
    2.6411285595281377,
    4.42979683618652,
    4.533786549710568,
    4.480440569005275,
    4.604738285682852,
    4.506757877322649,
    4.442219356185077,
    4.381594734368642,
    4.467537164169366,
    4.473968054499657,
    4.486955250026469,
    4.575750748809599,
    4.35260719749539,
    4.454798138391936,
    4.480440569005275,
    4.454798138391936,
    4.423642970612141,
    4.486955250026469,
    4.461147366070596,
    4.493512650572628,
    4.657580767057231,
    4.520180897654789,
    4.486955250026469,
    4.399399359002149,
    4.506757877322649,
    4.520180897654789,
    4.381594734368642,
    4.486955250026469,
    4.375729614916244,
    4.442219356185077,
    4.500113334603979,
    1.7184598613776867,
    4.42979683618652,
    4.335609621126819,
    4.461147366070596,
    4.393429192015645,
    4.513446865473444,
    4.473968054499657,
    4.42979683618652,
    4.393429192015645,
    4.417526743594705,
    4.346909176380752,
    4.42979683618652,
    4.381594734368642,
    4.473968054499657,
    4.381594734368642,
    4.442219356185077,
    4.442219356185077,
    4.435988806434441,
    4.3412434388450745,
    4.547579871842903,
    4.358337872204375,
    4.493512650572628,
    4.590139486261699,
    4.6270440431971505,
    4.448488969198673,
    4.454798138391936,
    4.513446865473444,
    4.3698986946054506,
    4.461147366070596,
    4.307907018577483,
    4.442219356185077,
    4.324436320528694,
    4.3698986946054506,
    4.4054053830623605,
    4.335609621126819,
    4.520180897654789,
    4.42979683618652,
    4.346909176380752,
    4.547579871842903,
    4.493512650572628,
    4.467537164169366,
    4.411447697518323,
    4.393429192015645,
    4.513446865473444,
    4.42979683618652,
    4.448488969198673,
    4.280951208588954,
    4.568633281040736,
    2.024632870496524,
    2.026863769358192,
    2.00751011026399,
    4.467537164169366,
    4.4054053830623605,
    4.486955250026469,
    4.375729614916244,
    4.480440569005275,
    4.417526743594705,
    4.307907018577483,
    4.561566113817642,
    4.411447697518323,
    4.513446865473444,
    4.506757877322649,
    4.448488969198673,
    4.513446865473444,
    4.568633281040736,
    4.435988806434441,
    4.547579871842903,
    4.513446865473444,
    4.500113334603979,
    4.423642970612141,
    4.313386484342108,
    4.448488969198673,
    4.467537164169366,
    2.791159769060157,
    2.8290384574721417,
    4.417526743594705,
    4.375729614916244,
    4.4054053830623605,
    4.506757877322649,
    4.442219356185077,
    4.597412245590778,
    4.194383192280496,
    4.381594734368642,
    4.473968054499657,
    4.435988806434441,
    4.467537164169366,
    4.473968054499657,
    4.3698986946054506,
    4.346909176380752,
    4.42979683618652,
    4.500113334603979,
    4.358337872204375,
    4.473968054499657,
    4.568633281040736,
    4.454798138391936,
    4.448488969198673,
    4.442219356185077,
    4.423642970612141,
